address,score,allowed
0x937EC42DDfEC2059BB64D613F99547a62cda6c01,2474,true
0x886478D3cf9581B624CB35b5446693Fc8A58B787,2325,true
0x089C6634ba6754F6406bE19edA335F2d86553d28,2305,true
0x8d9Cb73a8AC9AD9E4dd064800e40FdE6C26eb43F,2293,true
0x2820930e1f7BBf5aF46602b37941eE51a31e6CD9,2281,true
0x59a851891E2F0a1eA91351b042DD75b10aF095D0,2269,true
0x9E2218375567BB466b81E38E1a8b599b6250408C,2233,true
0xd4b2D9b3770c1AB761555a70d85FDa8C7a1D9110,2216,true
0x68e33A587f1d697c5e0f8b8794cFA304B41a61e2,2208,true
0xF4Fb9FA23edB32215E5284cf7dBfDB5607d51a5b,2200,true
0x660d74E5cA8B853aB58A2a336b58ac05F475887C,2200,true
0xe6ed172ceF2F3B07CE579193CceF9f0C58363F56,2200,true
0x287bDF8c332D44Bb015F8b4dEb6513010c951f39,2194,true
0x5Bf46B6E7F93445bc0425Fd2217e601301F31738,2188,true
0x9727e451546E8D2103D432967796904164477D9a,2173,true
0x73be99a9feb67c2789657F324bf807e9D37A39F8,2170,true
0xf19AED29A6cd4f5A1B3c8Ed79D987e3fC1dcA853,2153,true
0x9325564ADe7683706107685Cf1993678B1163261,2146,true
0x8476B6a8aA0B4037e69e79f116F662aA0096B0c0,2144,true
0x46d550542FbE83059bbe9747A3885598407bf518,2140,true
0xDD581AE4060294AB68dDBdC60A2c641F9205722d,2134,true
0x497fE20C94D4Ba9247582462d6dcB945B160Fd20,2122,true
0x83378c70B12Be0431A36416622efD2e430B04628,2121,true
0x2a93E999816c9826aDe0B51AAa2d83240d8F4596,2113,true
0x036d78c5e87E0aA07Bf61815d1efFe10C9FD5275,2101,true
0xeC0D280929ed4a08F367CAD07bc5A3Bb4BB07687,2096,true
0xd01A73bef8D17Aa02466754FE43E99342AE30043,2093,true
0x1442059d5e3af94519fC867fF32d8C3702fD3A3c,2087,true
0x77BFeCac1D1Eb046D8a75C1D4cdABe267180646c,2084,true
0x5Fd21ebA060bA46ad458D6A2B0DB5C050F07FEb2,2079,true
0xe1affc1256e18a9F88D757427A56FE17164040b7,2079,true
0xCCe3B99Ddf68baea82689c0e51bb4d5d875DF0e4,2071,true
0xCeeCeeD4013547BB9e788196d7dBfB7C11A08DF6,2071,true
0x1bE54aCEDFDB81065585dE1f5816fB1b5BbFa932,2070,true
0x2CF1E7137EFaE14caA26b9bD60cf16fd52D5157E,2069,true
0x73da1aF06106A7f3Ac717EF0fD637177175D98B7,2065,true
0x23E2f3C97536363f49a24735F032db65A13d087C,2065,true
0xC667891581280551ad01A0feeCE6b925D9C9Bb08,2062,true
0x5586d438BE5920143c0f9B179835778fa81a544a,2056,true
0xBC08e57F8214577892144311dEccd7b5221c59Ee,2048,true
0x0e7ED0F5E2b020Cc0eA8697aEE2D9a920650d8Aa,2047,true
0x7FCa4Dc9cD1B28aA014903b742776Ef36034FEce,2044,true
0x6075B5Cfbd641818a9865cF9edB901F336258161,2044,true
0x00e413BBD5a2ED1e1Ad8FC5e0a87692D677456b0,2039,true
0x2B9A677752998AfbC99f1eED6e4B684AD5C6765a,2038,true
0xADd403e94985eee3108E16987EEa30C10E2dF2Ef,2035,true
0x54BE3a794282C030b15E43aE2bB182E14c409C5e,2034,true
0xAF55Fc9F9D38a9DF6273b60C8f8E4F27F131093D,2032,true
0xe3ECd40191d3bf455397B69f01846E7a6D1Dc8A8,2026,true
0xF5D4a3b9FB77d1d5600a10E0e1C4eFD12F9be751,2023,true
0x3bbD5797a11e5fC8BE0c59097B9D01E6eF2553e9,2023,true
0x404d42C64479eF23C935B94c4815c9Bb8822bb98,2021,true
0x078CC4caa131eB9d6D3E31847946d5F37fd3F58b,2017,true
0xA050dB47160Cd522D8C72066eE9C162cB4d49cAc,2017,true
0x4943e71E681BF92A643C13c97982319F0fA1FE98,2016,true
0x11356147119Ac90CD9e5a4316fe1088fd53616BA,2015,true
0x6dF7478Bb48E047dACcc2a70D1F8FA57A6bC495A,2015,true
0xEcfC8f120cb5eE3C334E46Fea0154F28f4A39539,2014,true
0x38D30C7Fa5F74B06fBA2eEFEdd361cD8139fBDAf,2011,true
0x69F66Bd6628fF27222DA37245Ed686c3Ef4766c9,2008,true
0x2BDd0badE9Ff7831c8CBE496479518A1bCd8fE64,2007,true
0x4b3b0A6c0BAcB088B6b0B0Ba31bAB77282068117,2002,true
0xa1703c893932487Db0e113BE32bd1f40B2131B3a,2000,true
0xCae3eB6537F4B5E06f770BccF935e15f6C92f3eD,2000,true
0x5491b4cC6d65e9638a50f8Be198708E419a58864,2000,true
0xe8c4170F68518c3b6BC3c6c9b33A071beA44E569,2000,true
0xfAc17ffb8e4EFA294d99EC4E0d25Bce791A5A148,1997,true
0x7C2bA9011a43C3982D9f0835243CeF142E0210A6,1995,true
0xBF47fE944705AeD612143C49315AE0D9161C7A97,1994,true
0xcf9b5cb8AeC81d8aEab6CF4e62DE238E6a7f82d7,1994,true
0xE7F64aE5BAf0ed5e494909DC3120EC074C078A14,1993,true
0x4FDF3264926c08f0E4D905Eb258B60725593aF44,1991,true
0xa734439d26Ce4dBf43ED7eb364Ec409D949bB369,1990,true
0x921Ae88E3618189CA7d832D740dF2444FD0Df4c1,1989,true
0x3dAacbb5c3CA768fD4D78956868D06F528088269,1987,true
0xd06e6cfAC4A46f0a1112AE0A00d1517159A1Ff3e,1985,true
0x5BE8f739C8Ea94D99b44ab0B1421889c8b99b2E1,1981,true
0x52cf7555249a995Cb828876096EeE6F7A793AD09,1981,true
0x52dbD5AeA5D61A4f7Fb760CFDc431Fbe3dC531A7,1979,true
0xebDeA0159E397B46E0Ec35d68DDba57897a2121b,1979,true
0xB49749b38081Fa66c4C2b14486b666D302847eAf,1979,true
0x8C702A9a6e0cd14a53251C630743c4F5327eddE8,1979,true
0xd1942D3982946C86b65AE0F34e4CA5475351fd22,1978,true
0x7Ac389A8a387861FcBC0D171B89d7e978680a1f0,1977,true
0xaCad8D7886BBFABFc2231381A5Af0D1cb3825060,1975,true
0x8Fc87c13830b67cf3d6e82A4207Bc368B58c4C4B,1968,true
0x3F86f18322a888d9b3adef38f127c941bCcc014D,1967,true
0x3045E9bAa118555f1c5fd8C791fF82165Aa3A7ae,1967,true
0x2457C41946205b398030Ca16bF0B71D4BaEe56db,1966,true
0xC2017439b2Ab883c2949c20469B36485b770B812,1965,true
0xf6dF8128E3B7A579C2daC631B1DAdB12A4fbF0b2,1962,true
0xC527Bcb5328f9f118074B03ba1BB07Ecc44C22A7,1960,true
0xC27C64cde3635A30035817CC86B10D0104EB405E,1957,true
0x3b2a887Ca2d31795F664Cf34db66B6e5F80144ba,1956,true
0x8335659D19e46E720E7894294630436501407C3E,1956,true
0x03c4CB5A2D8AD62aA33d4AA128725610a01B962D,1956,true
0x0b470e2d3c90B49962Fd5A5Df8a57CCaD736eEE0,1955,true
0x7FF4F8FE1dBbBA8Dc27103359BF96e97a4d44114,1955,true
0xc3f6fbb266CA1A8beB5c509F89c742B3C2038009,1953,true
0x2F0830b9cC296e5BAeF35381A78E77F42A1fE4Ad,1953,true
0x73B41FAfc67fbee0Afd35EAEAba76e7468083f07,1952,true
0xb40969F60BfA246A09593099DAce2dDD543254A3,1951,true
0xd83f76f728e0BbBbaEF7f0345cd8A1186AA94bC3,1950,true
0xd7Fc4Ab828AFc1bb4b217f337f1777Ca856Efd12,1947,true
0x00AF05C526Cb663aa0d08130FADd383346a80229,1947,true
0x216E6479AaD3E26fcA05a0921d3d7eB88071Bada,1946,true
0x6d5d4fb55c61019c5eb9236c3da58c774B8232D1,1946,true
0x548e7a1d16d1487b8223BD5Ec1a14341DfB64D48,1945,true
0xA882fB71aA1967A6a8aa11375F8abd5FeE5BDD6a,1944,true
0x79C26b3468Fea1cA206c918758d978cA9079BD39,1943,true
0x44921390883DfFacb5318154608318903a548907,1942,true
0xE43Dd557405384DA34ee0Aa315d4804AfC6eE2f9,1941,true
0x0751D28d37D840123186CfFc768c0662278f0764,1939,true
0x7c6CC4fc9f054F851aa9aE3577087f00e017db5A,1939,true
0x12b6d12A6b5d23804c94ec1e40E0DF5e91BD0cc0,1938,true
0x1cCd4FE35BdE55147F0fb17DadC8Dd3702705cd9,1936,true
0xe01A97FC4607A388a41626D5e039FDEcbfC6ACd9,1934,true
0x75311b57626C7c204dbb3B84679DC0182c7a4ca1,1934,true
0xa70ef67097C5680A38602de64eb5665E8AE7f659,1934,true
0xcd0b67a61E5e8F4616c19e421e929813B6D947df,1934,true
0x5F2da3Eee5d389ab1EA7D871d4196905903e37C0,1929,true
0x9EfF5B715d0E2C0ecDacB029C742dD516A751213,1929,true
0x47bDcF47753fBD125Ac7A6305F550eB0362617F8,1927,true
0x8ACFe17a5Fe62966A27E579e28c10e936de614f2,1925,true
0xEF76c42A5A51EC023955d67546e3E56a624BA2e2,1925,true
0x9d6f305070E011b377B0FCa73C6F9dcAd6FA0Dc0,1924,true
0xAE01a9f15b278239CFb64D4D74bBA7a0b1cF900D,1924,true
0x15c6E23110513Ab0843Fdf06288736cEDc9aE222,1923,true
0x8924ac1196E2ae89603925B6e001Dd14E3f7fDFf,1923,true
0x200998f1c6bb56b100752C9334Dd445c7d0740c3,1923,true
0x2C8B5f6E7CFbaA12226Eb288Eb75624016cD1727,1920,true
0x648aA14e4424e0825A5cE739C8C68610e143FB79,1919,true
0x5849Df6c474845a421DE33b95eCE4f27195d3d04,1919,true
0x708C5f0F00C4C2085a0Abb3b2f035C33B2AE7f9A,1918,true
0xb2580c5E3D49f9DC13508BC6cBc312619442C28C,1915,true
0x33662e2a6F52348B8808903d948ad0456Fd57B31,1915,true
0x9bDFeFC1A253Aa0973E5C361AaD57E27E9d02369,1915,true
0x4298e663517593284Ad4FE199b21815BD48a9969,1913,true
0xF734c4F9Cc563F25A76fF7eB6D216b3870A0aa25,1911,true
0x17A9664077a3B50682d5C12415c3e88C23377708,1910,true
0xf420354Dc49E96CEcD9c8C3c679e4De846306BD1,1909,true
0xE2AeaE6b697c63DA059eF107BB9cB606F1630693,1908,true
0x60Df8a187Bd4edC720E272f6Ea0d068355Ef39aB,1907,true
0xCdB0C8d309DEffC90cBb5d7a46dE07139f5aEE08,1907,true
0xF7c7C356Ec3BbDD7aE794d13fA011c8574F06d51,1903,true
0xB4bf38804770e7a999A7eb2Eb4E233Ba56B28eE6,1903,true
0x849151d7D0bF1F34b70d5caD5149D28CC2308bf1,1902,true
0xbbDd1b3C87c211E482CdA98eA14fa8bF50022CA0,1898,true
0x1ec053f5515Ed60169D630040A3aACf7b895C660,1898,true
0xa6d8B022A5F52E9B8B0C842246ceAFC95162C884,1896,true
0xc6eAAcAa6De1b7C98Ff558Da46E0Bbd62a333885,1891,true
0x5ca12f79e4d33b0Bd153B40df59f6DB9eE03482e,1890,true
0xEac0fbBA47ea4D3ffF69019527092568492f2450,1889,true
0xB17CE51515Af46F2Bc6fFD8bA0AC0E7D4fB1e6D4,1889,true
0x10d4b0A84c386a0736f3D4f4DC4e5C64c50F5E55,1887,true
0xDcaE87821FA6CAEA05dBc2811126f4bc7fF73bd1,1886,true
0x06d3F79A29702d1Ae2f63DDC2A8D922E1971F288,1885,true
0x86FA9b78aa4c527F0b9f47a3910Ee30C4b67bACD,1885,true
0xfF9F20367488f3386A97bc3897798b0e8Bd1b2dA,1882,true
0x8BD467562fb0FA218139b0550009d764007e9D2D,1878,true
0x595170Ff30508f85F94F1C28261f6e624fA72fC5,1875,true
0xdBd47F66aA2F00B3dB03397F260ce9728298c495,1874,true
0xb4762e53f626896af5D184183D9613d9E441A744,1873,true
0x090928b9327258f9B12ed9DCb9f64fB00e37c872,1871,true
0xc668eE5E6fc05A9106BD5080156656F33049d3c3,1870,true
0x5C04911bA3a457De6FA0357b339220e4E034e8F7,1867,true
0x66c20Bc2C40755635957931c3c6288fAC27187C8,1867,true
0xFf67eb421d06f6c47406142223443bf3A64dE029,1866,true
0xe7D687F75778471118898C589e5f7ba1580dd97F,1865,true
0x0871deb34BFd2052b1c10dC4f6c0912A2A47e927,1864,true
0xd4cd5EF0F09A8607A4aa0d5a42dbb6d72E2A39FD,1859,true
0xF4B0556B9B6F53E00A1FDD2b0478Ce841991D8fA,1859,true
0xFEE9B3fa4d033879cbD1c96CDc102fbDC006e781,1856,true
0xbB967D46dc3e5D0e300644DD15e3e1678100d70b,1855,true
0xC774967C189746cbFc4F2f1b2F46BFa1C70F8fcC,1852,true
0x112630bA98300A8FB0aF4EdDB42449c03fC65a58,1851,true
0x2BBAD01F50EAE735F95050b62E3a7d0c4Cf8f6Ca,1850,true
0x3fC1832f425f5c491d6A6B6f9DF1783F7E591959,1848,true
0x6046D412B45dACe6c963C7c3C892AD951EC97e57,1845,true
0xb4D64772218d36f97974E8bB6eF0D01b026c9a14,1844,true
0x6CF7f0cF30B4C247873aEFbecfC68Bfa7a88F231,1844,true
0x8Dd13798Da3f75A472529aFE5B76e6a74c962b84,1840,true
0x7A34D9f712C28A121Bf8cf1A099C2F6Ed83FF0e5,1840,true
0x1D523618970786083e7e618cca7890D385573b6e,1839,true
0x9Ce3510f0c1Cc1f406147089411E8245D7fe6ac7,1837,true
0x0Bff926237388495E68d58C1616F3D147Ff33dbD,1835,true
0xb71dF6d2Be1Acd8857a8BfAE7681dB0683993582,1831,true
0x5d4781E7E03822Ae75e2ae5d7442102a01b6E1A1,1831,true
0xb237247680A657A6f5CA443b90B234868626e086,1831,true
0x51f1EA9Aa6211F2c163b195aB8a35f4886bbF81A,1831,true
0x0B96940D7409FA9b5E5d86F03c4847Ef5b97746B,1829,true
0x2cF042aEca9BB4eE8Bc939b50F09F94FA78897b6,1827,true
0x51Ef14B10A422f7Dc67a2dB7FE4778b6fffdC82C,1827,true
0x5FD2C02689d138547B7b1b9E7d9A309d5A03edCd,1826,true
0xdbCc6698d4686EE3fba49c2245072460594efE6E,1825,true
0xE55c9840eb6Ba1c75160Ed611E3C72Bc438dCA54,1824,true
0x57897B44A9e41349072F8639A3996C3dbBeF5c41,1820,true
0x30e36661C83CA0837865Be7460d1b1abf19c97e4,1818,true
0x064f5692B711FE69Cc10ef3848bA659B8B6dCEfa,1817,true
0xb0bf6F6Fd3C8bD194d94d39a41FcB99FdFfb5273,1817,true
0xd595710aedABa1d2e18BFdBAB46Ab796664c6D89,1816,true
0x99348D690DE2E481cd1Ef33F2dB5c2Cce9dd6c25,1816,true
0xf93063F19F893bfaaD1D194f635BD467E5C2aDFE,1815,true
0x60519d65cA55529AF5c76B0aa0E25f9aE4891b0B,1814,true
0x68f545BA4D8915d2A8BCfB8128F5b0e356A9a6b2,1813,true
0xBf5014f75B849195C3FB286B9073a3F7CE585d7d,1812,true
0xd0232776459fDF134AE7EA2E5AaAE58904fc3bFe,1810,true
0x9d528bfDef21538303A59D5284801299DdF64e37,1810,true
0x90729C2e72C2B1bdA7EA42042fc6C75eC09F0e68,1808,true
0x5b197E3eE6770518f6F2735274522F48aBd69864,1808,true
0x507183c8B149F5B20F57114d25698ca1f4ec5ac7,1807,true
0xcF10B967a9e422753812004Cd59990f62E360760,1807,true
0x6a3867484b29744C6d01B9040A0515711828DEB0,1806,true
0x88B38c0a95f402c9812fE00b974Bfe7aED8adA11,1806,true
0x752579C6cB68f413EAA193478D984eF84773FD76,1805,true
0xA2E62F07A4bAaE742E79eE6166FB10d02FaDAbf1,1805,true
0xa91cA7B31b54ef299EECFaFD456057154A9b3A86,1803,true
0xF75d1102F31b2F030f2cbEF207e81B83703400d0,1803,true
0xc0Ad8592b825b85d56e4a8aF2C842463fBe76c4E,1801,true
0xF01900C7fC5e0076b09688DC034d6165989CcCFF,1800,true
0x3259A1d873EFb9dcD806964A1B388Ee33F5e5fbb,1800,true
0x7B8a6e7777793614F27799199E32E80F03d18dBe,1800,true
0x773E46b1b1A9B0e976c1e6774350f84eDb40da42,1800,true
0x92e9b91AA2171694d740E7066F787739CA1Af9De,1800,true
0xDF1e3abB229d42A182aD61ce8a63355a8A3EB0F8,1800,true
0x7A214d7a0a61aEba193d9E39c57c4f4D9fe20c7a,1800,true
0x02955D69d33f1d811A8431B237841813F5A07338,1800,true
0x418C05da8f5BC3bBAF64D2F4350A889c274C027c,1800,true
0x1B5EBaaCE21877999E9c8c9aE5CdeBbA2a981CE0,1800,true
0x224a5ba2c04b66E97743d5Bea1D6dA6Bee8B6a8A,1800,true
0x7E1B0e18D0e5b4227d122c6E40A1bF07b9E35A11,1800,true
0x8513FAfE1813B6ec3BBD9fc4BAF5340bda8D670B,1800,true
0x4D5285E44b04CD06fB889B0B67767169C02D75C1,1800,true
0x9c2F43858fbD946b5189803488F0d8e35A608d4F,1800,true
0x0B7576A64A0F4b4924D55eD328Ede4979446521B,1800,true
0xCc3Fe90ef963243BC2e20d748CaACbd7241337AF,1800,true
0x4d108FC1D0cD7C14d85996599D6C3215A92a5c47,1800,true
0xA1a3a4964Eb5b92318C148706caAdCAF19E705aA,1800,true
0x66979BF23C37Ada615642db9148919136E18955E,1800,true
0x4e848cB280BA065F44e64F923A78a52141033F09,1800,true
0x5a6741B548e6656286B808B0610C0A0df9Ed0ff9,1800,true
0x31B3505945E5E4386C7CF955C552fdb2048A5563,1800,true
0x45E5d313030Be8E40FCeB8f03d55300DA6a8799e,1800,true
0xfBE37D048883F3D91FcF9DFA90B7586bF8a45322,1800,true
0xb24aD05c8925BfB1A1Db9E2C5bC2ABAf2C39fc31,1800,true
0x9C4F8c9d3A94A1822Bd5D4A829903d4e114eE9A1,1800,true
0x0D0D9e36ea92CEd0670dB481804445B335b29738,1800,true
0xA68627af7967C26BFD08FfC90C2C5F8D959A2F01,1800,true
0xBd76867eb4198DCC871CA3fd30817a31c38f9dd3,1800,true
0x44bE44B91576Ea0e5D57B7d00088EDF2a9c3a828,1800,true
0x9442E251f839EF877266E956B34D4930697D9F81,1800,true
0x89FCb042D49E520b7bF1294BBd26f065B4531B99,1800,true
0xE10721A627Cf9b958c921619A864491455f23734,1800,true
0xbCe4f2ba047BFd2d10E4F22A9b991DE793625C8D,1800,true
0x124ac4BE876bB5826Cb3c9600b13611aE63eb427,1800,true
0x5F7a8fb8cc29e795ba19191Dd74D69A90cDADB88,1800,true
0xc7908355E5D6c98DCd0AC4A534fF425ec769F788,1800,true
0xed2F0d1DA57d6Ce43407C922333e797Ac843444C,1800,true
0x830343b9092B203EaBd27B82C3EA57DDe4aA9e8A,1800,true
0x2fd1a8e50C2157d702D4d37FBDCeCD628270a2D7,1800,true
0x1aDf4BA7111100b7A7bFd82783d82Cd42823B1E8,1800,true
0x27Ca40b4Bb1416C7217662AB4631930Ad0119327,1800,true
0xE6e8A8cAE5f8d8f275bD1E4361086031eea50b6b,1800,true
0x26fEfFf904F058522F55d560F6B4a72815a889E5,1800,true
0x2546ae4ba12Fe852130805bf895F8Cd0A996D414,1800,true
0x618Fd347E5f67dfFA5dd7011B517c1e9C9e9fc39,1800,true
0xC9D611489Bd9fbD077B693516A51822986E82cF7,1800,true
0xe498e919dc961700c8d0F4a507344467A49609fa,1800,true
0xD6bba09DeE0DdC465c22a23cb8548a524eb994c8,1800,true
0x90e06d2d9705c181Bad2A4e7c3DcA13631a6f479,1800,true
0xd1c805676244085838262806fFb92b21421e5B8d,1800,true
0x2DD6BEea34A858c4db20D00d0829e851E7FF364F,1800,true
0xBf5a21c7CA68220968f9817Bc91E52305E4B1B97,1799,true
0x6dacb7352B4eC1e2B979a05E3cF1F126AD641110,1799,true
0x40EbF8a762801D1706D9D16A8abFEc4c452d15e5,1799,true
0x1DbBEc72Fc72406851aB9d42c18dc52aBEbBB287,1798,true
0x5d47e5D242a8F66a6286b0a2353868875F5d6068,1798,true
0x8E79742adB81ed3CE83C2478C77BB14bB0Ad0280,1797,true
0x57f1d3Ae3F15E79dD826024ec52B4d858E907e22,1796,true
0xCdeC60F0EaeBc4Bb0fD891B3684cF4c17Db43C2C,1796,true
0x15bD815A3F6Fb351b06Df8B0b82e0bE63a529270,1796,true
0xEC36697c3C8C8E385b37e17Df40dBCbE2dbd9ffC,1794,true
0x52665abFD59C7Fd46aA8fA947Aae3316C722139b,1794,true
0x1aA666D676Fde62ae9477c75e7F501f214D1849c,1793,true
0x82BAC937BF4849dee9731968cA867258ACEdd769,1793,true
0xf9913aCc8BBD3C6933644A6610F3FB11914cEB8B,1793,true
0x27B737DAEba85B46A9faf17718E1DB578a02147C,1793,true
0x649aC22544f6c9c2f1645EA0c76959257065F59C,1792,true
0x3Ee6ed7ee96A5901426963b8a756dC7ca33c6191,1791,true
0x2094C4b11D8F34f1d200302EfDA5afC82AAE9c2b,1790,true
0xE042f715C1812cbe1EFe004Dd4c7bFE81C1e65eB,1789,true
0x663F61143eA95E2868003C629A9E465C00Cd071d,1789,true
0x0cd63420ea691CE835fA06F680680ba162445523,1788,true
0xB3623D62FF30fadB5B2e127C07cab0D1b0808276,1788,true
0xb06145Bc400005e39509A43ca62F521476aA7D4f,1787,true
0x001461c431645AE6f6279054B6572BcBf66D2a91,1787,true
0x10A26041ccecC5844F24cB655d45332aB33d2B80,1787,true
0xD2bC00b438fB54C6366E3F9aA77944755b509B94,1786,true
0xB6C2bBEbc94a910e0fd37267DAB56fb2130dbb97,1786,true
0x43F23B601Bae4f98b535665FEC67508807426C85,1786,true
0x5f0C93B26413084099ac7fEf84E1B2D101104172,1786,true
0x9c0868A6b96ecAc9D48584b0bE0944fefD268496,1785,true
0xe4a8840ba281865797cfaf7Bcfc0876771285643,1785,true
0x10491F92A279883a028E49281265b61040B6b433,1784,true
0x6227027bAA9903051BF600E3e9A211340311d2CE,1784,true
0x7Ee2509673aC4f23ee85b1d83451EB7A30541670,1784,true
0x373418C5B99885cE346EF2b1745c855Dd129AA84,1784,true
0xEAe5eae3a02fA1ce0a1Ab618d64817E7598dcd64,1784,true
0xF70Fa1b8443c620CA7d43a9d17F4bDe8B09031CC,1782,true
0xb2d292c645EdC15b212f8b23E177C5563aB06023,1781,true
0xb4DF8032F321A7192ac81AafE7fAB0dec25abA3A,1780,true
0x098491CfCdDcF76F4e56a22EA5EE588a00651905,1779,true
0x2035e784CCec8B7c636e72507240dac8F0875A93,1778,true
0xED721dC63328be92A08b6b7D677e11100C945eA9,1777,true
0x6beEF2B2fE00FDDCa12A8CDA2D4B00435b0ba3b6,1777,true
0x787b22e4c88b4b35516F4A8464CA3fF57995EB53,1777,true
0x8Fb16cbC982fC0b2dE681E410103863169249dB5,1777,true
0xd3d2f7704Fe3836c7cE3B91E45E727368361d911,1776,true
0x8DbF815Dc6D182eBe67520379663901C23478ce6,1776,true
0xE79f4C334201ee5e3c10655C161Efd047bEda28b,1775,true
0xf56345338Cb4CddaF915ebeF3bfde63E70FE3053,1774,true
0xb81e594CF546360DBCca737C2cA01FF9B3F3461b,1774,true
0xd16E596d6F9556e0fC79A15DD26c22349912B4dA,1774,true
0xf2A863F9Bab6a9777c91ca0579449cA8FcD9F80d,1774,true
0xFAa8dbD5D5E604953b00e6AB7580fA1298602793,1772,true
0xbbD374C2F509C350B41e547941Bb7527A7fF3Bb0,1771,true
0x64d9bB34491659a5EB126588C523c50E5e5CFD48,1770,true
0x4F91347Ad6d05F4d8E1c601341C8045CC52Cf11b,1770,true
0x2DC40e8870D2be54723A60aA8Ba65a842dAff332,1769,true
0x97E828D07D21C2626Fce0A24236F72DB5FEDAaD5,1769,true
0x5750C56094E65E7Ae3BA7925ec9B439465756635,1769,true
0x6c3b869A33d76EFBC3766d9663D9edd646815F2a,1768,true
0x4bbB2110d6152AA871Ea808621Ca0c1f22a9fA83,1768,true
0x3fe7c089077E29B2A1d258533F6Ad718E0f9F05e,1768,true
0xB65E50DA9087c4943Da50baCF65D3cB7bAf2f761,1768,true
0xf05240D00E4C117BaC60e3BADD41C04bd105D3aC,1767,true
0x35da9176fC951CEd322632864EeebcBC88abdB62,1767,true
0x749BC57DA4B9861798A2086E3fbe2ff3fb045140,1767,true
0x3F0F20e86564D3c66252355f8d8ca7F329FE7A00,1767,true
0xc5F59709974262c4AFacc5386287820bDBC7eB3A,1766,true
0x9fd8788496E2EDb846789D788EEe952Bb8F65014,1766,true
0x66Ca45e79746984385d185dCC000FAE482123072,1766,true
0x107C22851B69A19759Df895A7b25F578A8390e6e,1766,true
0x3B12Bfc36931155A8Dc26c6636D0C888E9a3F55C,1765,true
0xf2cB1cAf152c6e36f1FF1A1C8eb88232221cCdE0,1765,true
0x251384107FCAA63b45e15b08804AF40db90A922e,1764,true
0xA103Fb1C5E966758a6fda8072B189920309Dc60d,1763,true
0xDBbb3d58287eBA06e583C808560b9b58640c693E,1762,true
0x7e5f9A42b0ac1ef98Fe905e293CDca3023e71f66,1762,true
0x993A6d9e36eC633A03a74F1B2f8AA8B8a7c12816,1761,true
0xf08DB317B3f16D9FDaF8341317e2B63BeC2d0964,1761,true
0x9Db015B041f30f8092717f9FA2733605f9E5eFfF,1760,true
0x11ec1bD59eFc667C5d9bbb5b5Cd365DeC8dEe2cB,1759,true
0x8f2df56bCeCB03e9118a8c78b454e7eCf1592872,1759,true
0x2BE68486FD2EA6A7a4C63EED04069C0002bD845A,1759,true
0xd3a1AD4f432bda630dC4D7C48D0A13c1bCabDb91,1759,true
0x4B9eDFaDE2849698Be6BeA22fb84d0fe0Da3A249,1758,true
0x565cea2Fd86FF22694ad53167E715FB81F4395AE,1758,true
0x909d3C000baa83a64811eC0f41da55ec0EbB8A67,1758,true
0xf09a9E448c4aE0a813D4489dc3424CfaAad42026,1758,true
0xEa9F8D4a2349EC791d50C280B7BCf28E837ce4F3,1757,true
0x42Fe01A213a6588d7958e3BfdA09A08b58cbbbd2,1756,true
0x95CcD35Ee17Cce0ebF8A579B2877377Aa898295C,1756,true
0xdbc2c8d9e8B2fB44d95750DB1BE97dad4ab57005,1756,true
0xe1b4ABC0Dac4Ca961e7ea2BA4Ed96710404ED848,1755,true
0x46f71831F063e293b14f32CdC42Fb3A7021c4b4A,1753,true
0x2A5aD14250F9eeB2CD6598C59E2786f70c171b65,1753,true
0x41f8735006Ba3F7325A059CeDB635A942A1aC5C0,1753,true
0x428BA87Cc89d457eA0754B7FA8bf39cFb53eD63a,1752,true
0xC950A5B78898919660745436229d7a7e70Fa2a6a,1752,true
0x7714e48361c1A2f250A1D2C0b82E3A7b7d1f0b50,1751,true
0xCFFE08BDf20918007f8Ab268C32f8756494fC8D8,1750,true
0x9023Ef16968FFea318838A223ef2A79bd9f99F88,1749,true
0xec3b268315B3C93bB1a71D5d4823533218e76b4E,1749,true
0xD32c9CCfC3a7E4f3B452201B9d7608ef2990CF3e,1748,true
0x29eB182B934780bB25C4656268Df4C919225E707,1747,true
0x8516e9326F2058b95ED9a6433d11Dec9F3EA3C94,1747,true
0xfe67d1249E2555a051069CE6cD46021B7fd63f82,1747,true
0x73E2f7BCC702638876aaef814E660A52b8299cDb,1746,true
0x15E4B20B24317f2BCFE075BC051FC82b35686c9f,1746,true
0x66D5527411d821cB513f2D214BBBC0ad73586b35,1745,true
0x6d9ed472Da62B604eD479026185995889ae8f80e,1745,true
0x75b042943AA8E09005Ed01B4a9c9F9F4cf85605D,1745,true
0x73A89d66aC6ef7ea070205cD5151ED33979a1ef8,1744,true
0x302e233a9118886b17fa75E3A7E25313D34c41db,1744,true
0xFC397502e11b8e08935Df2295eCB8A79D2122975,1743,true
0x54021E58aF1756dc70CE7034d7636De2D2f1fA74,1742,true
0xef580B387E9dFC50fbb07d30667aBE0e7c8CC833,1741,true
0xE35e2E4624987575dFD263b124a3999E180b8b89,1741,true
0x34b5f399cc5A1dD491666c9866941FB8E8D09746,1741,true
0xe9aa76f2f3F0322725D018bceCD29269F0d2f20b,1741,true
0x6F69F79cEA418024b9E0acfD18bD8DE26f9BBE39,1740,true
0x15C06fA4A7C61455ACE8CeFe0c6C18FB17aa8D05,1740,true
0x0aC1C1c174C0177bD7ec4b1067a2fc4563d39854,1740,true
0x6c717B22d28813947cab76bE7BE6C78792218E5e,1739,true
0xEC23e1C26d50657BadBe320E2d6C8f97145111be,1739,true
0x195A81D6C478BC35C226AEad603070817728A8fC,1738,true
0x65DCF7782260Aa1d6642a85f36c0Bc9545182F1e,1737,true
0x0c366CdeB15384A95f03866EEBB9f2882F1E4288,1737,true
0x0AFB17C686dCeC1dD1e1DC9197Fe4d87c1C7A4f1,1737,true
0xff1B29B91c66eF274180eEa4319A49B7438dB427,1737,true
0x9Bc910f14B0EE83689B9F49337B1dfD2962dBB94,1736,true
0x1dd49d96190d0e674623D5d7a12078007224b619,1735,true
0x7AFFb749963497675Ab596fFd4fc7383BAeE90d0,1734,true
0x9529746295EaFFC60937636e32F234f06Bd16Af3,1734,true
0x8940b804A5E266d0423904D2A9736cDe5f4ea6Ec,1733,true
0x329c54289Ff5D6B7b7daE13592C6B1EDA1543eD4,1732,true
0xA4Adc8AbE09cf3c06f353576c2E9886eef815ebE,1731,true
0x1341df844780b66AF4ccC98Ae0F34be87eABe1d5,1731,true
0x1e8E749b2B578E181Ca01962e9448006772b24a2,1730,true
0x75f930FCc11D6636fB716c97dCaFbfa9D7BD71a6,1730,true
0x84426367A9BD716B5E4Afe038777Ba2552068FAA,1730,true
0xDa71Fd263FEA89BFd6b2905d63e2b8c22B0B3d7A,1729,true
0x810a2f5A0d36420eb630e3ecFf1C7B90d7CCA79f,1729,true
0x5A2Ec6BACd5f630B20061C10F7e224dFEE073542,1729,true
0x5CB656D7605D9924C085fC859585F3Ff2F7aD08f,1728,true
0x489D69939b4Aca357f630055e351A81F1Fbb7Fb6,1728,true
0x095Ff8acD86E3C3F52bC4705540A0803ffbaEB37,1727,true
0x9347Ea27d20da04fA3AF9444EBD086C73Ff6553b,1726,true
0xA1b0B899F843eC4caEe771eD7c15FAc333f28D7C,1726,true
0x5fC13C5A541041f8fa12fab492D064435eB8d2F5,1725,true
0xE2913b8299ffC755bd41ea022e604B87E66F137b,1725,true
0xCD381d095f8C7e16E9979241B8466988A6666666,1725,true
0xfebfa8426E1CcD27b32D53139F508Aa752A3f650,1725,true
0xCB17C8e39Ec71Ec7d9D0738275Eb0963A9aBC680,1724,true
0xfa83e564cEb1551f9829917Ca4A233613f9660bF,1724,true
0xAcE5237fFC80dF0964f0EBFd077C7ef63031659c,1723,true
0xE88369236CD06c7075733ACB19473730ec8331Fe,1723,true
0xcdAEf60C93Ca6D1F839A05510e593161D02A5824,1723,true
0x568f94d11CE0B5a6bF2D9d3fDFF42eAce811B91c,1723,true
0xDCDBC5eF852964945bA5D4772B26dAcFFcD9F59d,1723,true
0xC169E2b1d9e4d990cdd830bafCc1cDFc81BAeca9,1723,true
0x0D3fDf709a454141fb769C7dD977BDca49DC7fe7,1722,true
0xf1D8Eb1936e7F22d71e2056FbE0e230Db89d0238,1722,true
0x701cBF1D4D6033b0AD5BE367B705DaD09e0f5845,1722,true
0xce21fd888eeA28B47DfCCA615a68650f4F385539,1721,true
0xbcb4c8386c097589e7825aAeb9E7C6295835F1d6,1721,true
0x9b0f4f79bf421ab9f25f955dE687E4FB59745C2F,1720,true
0x8ec0B5Ce201Fa0E25E8133480a2EA0C2051f5Fa2,1720,true
0x5438f01ebBa17c7ee279aF990d0a8a02267833E4,1719,true
0x1C97921bB9E667a7E9a6A59A8B5726B515FbA19e,1719,true
0xf1D1261b4b0517D4CBcF66E6bb6aDD67784dFe80,1719,true
0xBbFC680aA2580D54AF4F00fEB6f22e744B547bC6,1718,true
0xF8AF8b05323C61C6c48e4Df67f49f6CA4cEDC066,1718,true
0x3B60E6a4C40615194E6BF2b1F3220fCB910e0516,1718,true
0x315BD7cA72934502B4a4683D7F6ba9fad1362473,1717,true
0x77D3c62C5EBB36366eD3d695ae4138609978CDd8,1716,true
0x5C9E2A6fEc34b510996a8e2a3d1e2c47A382a8b9,1715,true
0x42EBBA25BA063d78839913005e628DBc03ae4212,1715,true
0xf0D6999725115E3EAd3D927Eb3329D63AFAEC09b,1714,true
0x2e3C2c418ac043AE1027a2F1BF8134E36Cf6F94C,1714,true
0x61939Bb47BB247c87E2c55C98A8fd15EE2BB56ce,1714,true
0x14ED8E78137752734Da73D820C0fD8b16861e186,1714,true
0xEd570ED02EDAe9ac499375d117966c94Ead4fa48,1714,true
0xdC8a6008126525A954F77DF681532C1f6e1B3243,1713,true
0x730D97cAc45b0f29962ab17Ef5590A96568f4f46,1713,true
0xc9F4067a38878A4CdC2cdd525F090Aa8BA0aC18a,1713,true
0xCbcB8A49716228e93f31759500A5D378F3582954,1712,true
0x4789f8ED86858dd6879104781293A98569B46b16,1712,true
0x8A3342F0A218118656df560cDc2B1fCEF6103463,1711,true
0x50F27CdB650879A41fb07038bF2B818845c20e17,1711,true
0xDdd54D4D71FF9AD625D8e90DC6DdEafEeB5632Ba,1709,true
0x4cd5ea1bcF0a13125E96855B35a779d079CAaf20,1709,true
0x9D42b28854d0Da4766BF6b63391738F26eF5d2E1,1708,true
0x81e847e6701380D52eddC83f8109BF436ef9A121,1708,true
0xAf5A2cb0a6eB68F66CDA5aD684d76940fC1886b0,1708,true
0x58821bc4A7B5824DFf16cd326f7c96356B7244c3,1707,true
0x90E21986E199B433b56b5E9E386DdA39F8Ddf912,1707,true
0x7C16Ddf69E816E64A91eAa3A311553eDC3281790,1707,true
0x1C494f1919C1512ebE74a5dCc17DAC9A64069023,1707,true
0xA98D2867de6b1dFf44Fe4b355DEa098E81d06aEb,1707,true
0x6Ff412F54E10588A2CF0442cCfB228f866ff1684,1706,true
0x09A3Ed4C3B477E53850edE0AAC96681BA314193B,1705,true
0x9394cDB927986dbE186d9D85892DA22a06B853AE,1705,true
0x46A116eaD56D0FEb0E7e97B7AF83C6185Aa259bc,1705,true
0xea7619909EbDf3CFdFf7FD1f4c69e31682B767d3,1705,true
0x3424cd7D170949636C300e62674a3DFB7706Fc35,1704,true
0xF7220CAD05b641664b009b44473E5Bd7C4367970,1704,true
0x6F012A1daead939D027cFFeaF843F251603ee208,1704,true
0x37f9311BD16b7D0228D8A08F455abA1680B1feBb,1703,true
0x9fF26d7e160A52064b328E38793e3569acbcaE99,1703,true
0x2823d6e92F9EB283201673aA5A97EC559b5c157C,1703,true
0x9868956bb4E1eF0f1ACaCF8Be53d1c44805B6Af5,1703,true
0x2Eb0E8eed839fBd6331Ea31e1fE7D0B95ac6E5Dd,1702,true
0x4310dee50e79C363Ed7a7038c976cfDe236fAa1c,1701,true
0x621242117c9A664aD691e3196367a0c97B131647,1700,true
0x08cDEba02fD031e1fC419B3A292ADc5a842A830A,1700,true
0xaf4F6710207f1BdaFFA5540afC81DDd26B76ED66,1700,true
0x8aA39971D2D3ab4aEE3f4FbD0BDaE70F1d327D40,1699,true
0x1c4dAbFe900BcCd23Ad60aDDeAB94F13394F68de,1699,true
0x4c7C2701EBDD3B4d678EB6FC8Cee8F72C0885C79,1699,true
0x55E643488d8BE0Fa3DAf88234DaE6384fF7Ee951,1699,true
0x096Eb2ebd3D6908432DC092c38714E1969725f3D,1699,true
0xE8cd4cB68dd4c79d118368F36D8564F3134c180D,1698,true
0xf45AF4063eb45a7E943cf0c461c655B9fF4557Bb,1698,true
0xd2578c95C2DAF87E7542D4c305C95cef01295877,1698,true
0x35F95dDec37A8b6FAA795B143cbcF233D468f66F,1697,true
0xBcC3C2553a046fa87ea579AA5b63406A77172AfC,1697,true
0x0176011201aF1026f193064C9696fD3f3C5EEaC6,1697,true
0x1CC16A91691407B04F25cC5fF8Af047b0eE3bB32,1696,true
0x9571B14092c202C2e5827404A3F220372Cd02f34,1696,true
0xe2785b8A99459C64bEb18190C6Db8341692108bC,1696,true
0x7383173dAdF422Ad2DBD754698706cc1397671d1,1696,true
0xBF24D26B534A19E4F09c0B698b2CBffF820a452E,1695,true
0x1648C13a8Ed3ffb194B2c033497a5E82E543cb82,1695,true
0x93Ee59B236fD1Af89619B3B420E4F96718EFE1fa,1695,true
0xFf4fAC1ee29f0a6f78b14CbC771f34d1406Da286,1694,true
0x9D1817D6FaE6bb8B79B1113A32a6c178f6f9B8f8,1693,true
0x90b6e5327F0E128e904a45dEaaF39A009762aad1,1693,true
0x86F7c14a3563F0b2FE8fd55efd39755053a1e414,1693,true
0x2b26dA567C2A8c220daF91be8E37A429D33AEF0B,1692,true
0xF662caBF1Dff43C0101AE21d691Cfe753865bcB7,1692,true
0x71182d53EBdBBF33AaE21e5c608F9F9261204DDA,1691,true
0x0000000695F45F8Ca40af5C3422502C4dB8CBD8E,1691,true
0xa9811f9f6B8bCA7f9F91f850A98310e63FBB7326,1691,true
0x6bD8965a5e66EC06c29800Fb3a79B43f56D758cd,1691,true
0x0000014ffa35ED6Ad0D5c9c079c908716c113EB8,1690,true
0x7FAC38218b0CF6D5ef28fBFB43Fe97889f8998e9,1690,true
0x17241b25D7d8BACA494e3203c5e8064884c95d75,1689,true
0x5249EfFC65c548952c8545Ec6B3ADaf78130272a,1689,true
0x020D088990881411Fb9f5db119C932Ad82B79c1b,1689,true
0x0e399233E75dbb4ceB31d30285FCc41e2eBFa157,1689,true
0x26CfD6f7Ae12c677aff5e0eDe78D85054A9351B3,1688,true
0xDc309086a5c4636D3C9C760684Ea9D7A5D9dea0c,1688,true
0xe4875B06D887B88b649550adBaB8c387742f2617,1688,true
0xD1453C1310846EC5Ba080fCb1D3E128e9D124745,1687,true
0x29EA412CC10A9cfC08c2298f382b2Fe01e6CA83b,1686,true
0xbE4A3b43cb5F1b7A2B9BEd3ee5c0c9c93135286e,1686,true
0xBc42f6557690e8840D8112c3655632dACd6e2920,1686,true
0xD17A6Ed9D376Ed961eb024261d389B560BFCfaeD,1685,true
0xb0Bcfde547E15c48fEFEEd2Cc021F030dE4f317E,1685,true
0x48eE00A8b3D459f5c8e6D8E5f12c53e8742400A8,1685,true
0x6B9208aD63B1334D73B17590FBd5F56F140AE9DA,1684,true
0xe66e39343d48aF67fb1679697FCA58b08B638459,1684,true
0x442399A34666233173D0db07F51eEca0fe9146fc,1684,true
0xD3582f05597A8DA57794376dd6ed07a50dc1Ad9C,1684,true
0x0DC3615B60f3afC8B0A003fe82D8DD7845e00D34,1684,true
0xfa4dfBE7b012b1D92FdD5544F30518bb58Bd41Ce,1684,true
0xC9840eB190206Cdb2ebe50279e22D55d2864c67b,1683,true
0x8121AC42f24fE104b46fb4175eC0A75e60803c7f,1683,true
0xAbb485fdC925dc375B5d095a30fcae7f136Fd007,1682,true
0xF23A4a320220c354ACbc36bEC7a9005d37455668,1682,true
0x3465570083A435Ba8ffA4a2D4Ff90783B420C232,1681,true
0xC3e8aC233f02d13C1E299e47aE230C205E0177Ed,1681,true
0xD283AC6b8dD58CDE7EdE41002219D976115Dca36,1680,true
0x83AdCA8246380219e7eB044679c2BC29C243Bf64,1680,true
0xc908eBd8D0C40546E8E3ca3f3a80dbc1e8Fa01E5,1680,true
0x93c442C7B3B064D9367D34F40b42772fF350664b,1679,true
0xd296DD3B19f72bEBB4Ea824BAbAb096DE84B994b,1679,true
0x4A5c80d6D119d674bd857DedD144FF3038153444,1679,true
0x6b0Eef435978a88e880Bb3122c0bAA747cc2A1F7,1679,true
0xA9Fb6355997aAe4A717d9bD15E60EdF26CF55c8A,1679,true
0xf637D3eb55AD7f859543d1B5bd4BbCF93B6fa5A5,1678,true
0x52b728152Ff4930f9D4C0971AeA409294dAa39Ce,1678,true
0x09c048c262b8B316D594e6ed302777B0C2893f1c,1678,true
0x1c645Ae0121B35e05573571d3D0b2d87019897B4,1678,true
0x854ECC1d38be0870D44b4c9415cFBB21CBd9D779,1678,true
0x022EDc5a45EE44Ad15f4E3C87370982248181316,1678,true
0x6eFa52ec527354b5dB64e31b3109e8EA17Bc5Eb8,1678,true
0xCCb500F042A25EA50d4076CEE6f0d6C7fCd488d3,1677,true
0x607d2381aFecbD80c4AD5CCE8059205C2a297966,1677,true
0x518C968d59a2ec73f3D85776f7512178C1d16673,1677,true
0xD92693c39d3231B96379b636c3BBC9Bb73969343,1676,true
0xAd8D22b89E55490e72bB5b06971F47C4B329e8b2,1676,true
0x41797b5e0398aF475422f6F33F2dc81d9a24aE33,1676,true
0x7196fB7F9f1DdA42B142dB8CfEBc28EC77A3f2A5,1676,true
0x8A81A63311d849372Ce81dd0fa7Baf8D19065Cdb,1676,true
0x0F31a3eDC9348227f702Fc257F058c0C48239d48,1675,true
0x79603115Df2Ba00659ADC63192325CF104ca529C,1675,true
0xcA7982f1A4d4439211221c3c4e2548298B3D7098,1674,true
0xda876354F2d5b4396b37921Ae95c0493168ac695,1674,true
0xaD55263aB3a21c474Ef3B0088B649F699dC9dE32,1674,true
0xA22c9a7C425e5e1a21684BF1B2c18C4c15e8d23d,1674,true
0xFC961534a0A55b925dB2c5ee546c8A019c0D78d5,1673,true
0x7B640407513Bc16167ef3450FD6339803982e976,1673,true
0x0DBC1Ab27FE991e142Ce3Ada26518CccE1dAaEc2,1673,true
0x2Eeaa7534aA31545E98319ed72827dA53264775f,1673,true
0x1AecD15f475e52B6987aE6C08Dd86c12554B0088,1673,true
0x2F2F665974261C4129b1DC6c359BD259CD66f78A,1672,true
0xbd1df00dD7021b1c21e44140150F5F5c5D800fBC,1671,true
0x043A95560D4C1b4e22237C09E96614B7b4774644,1671,true
0x6f085AF9dE0da1921b5699A3cF1356150B1D2FDD,1671,true
0x5b7aECF1E67b1E6797fdf4876E2D165b3d6576cE,1671,true
0xbE69e095E738eb7260ad795C554ABa288e1f2ADc,1670,true
0xA3181e178fC1787f296C7648CC6e8cf016baAf76,1670,true
0x45224DBE6Cf5ae6D0a3021bF028508674bB28189,1670,true
0xed880218281f8feea1259adCd6d1F1aABb4536e8,1670,true
0xFdeAAC21596b83af12a719AB6Aa9E4E9a98ce17B,1670,true
0x65331fa9893357A3c0459EAbb7866bAbd69C376F,1670,true
0xe3A881cC4b7EBb4651A80f5A2C3Df9656f41Ca10,1669,true
0xF098F32FAA2ed72562B877147212f24C6131D5A7,1669,true
0xe1Ff120124fd38fAB69b4D8Be66E6563783008Bd,1669,true
0x98E1c4E34CCDED4760eF8dA63BCcCdF4a75B3c4B,1668,true
0x9d4752D42dFf03eb7A14BA60f812ADa4A00Eacf0,1668,true
0x1a4c7b5E3bD7cDb160Fe65F626581BD63f45c576,1667,true
0x97698856E4D8506357fDEfb490BE78487b457A65,1666,true
0x40011B3A39912a086B4D2DEb9353C439C73659f5,1666,true
0xBDeD2929056380cbDAc076994D009c193e9152F9,1666,true
0x58341105d756B471817cc417345E7F71572E4404,1666,true
0x7cf76CB6767fE0C61fa39766A1C4BB51C8b52F8E,1666,true
0x77f3156F35323BACa8d8c05344E93Cc80DCD8026,1666,true
0xa09fa2B67E8b494e21E29221231C693282E5BC41,1666,true
0x68b2dEB1564F60f9c8224848293A39c49dF721E1,1665,true
0x25954Fb49bFc6A2A09770be5CCA756c8676F31ba,1665,true
0x318D8ca3aD59f0ad3f1D63381638E5fAF9fC58Df,1665,true
0xf1EAB8BBE60953d959F545Bd11E9b1cD204f9CEc,1665,true
0xDb499E22E2b002648DB0127F64a5239c540B5317,1665,true
0xA98220f6dC5DFcA27ff19605a0a6D3E1dDE4CFE8,1665,true
0xA511eF4147866663B25B957256aAd11a6E979c57,1664,true
0x54e44B2185A7E2217d2A110A3eE8025bfa56349C,1664,true
0x0fccfe6B53fcedCab03D2cab7E882322beB82123,1664,true
0x50f2d8dA7f0349bE9de72FBbd1Bf1fC87E4A2B8b,1664,true
0x5705DB9A0cAC776357eC6f1D1EB18d935f6D2120,1664,true
0xd8b07BC1bC3bAe553BCA5E94E99935dC12Df24Ff,1663,true
0xf778Bed4656bfE3f7E2A2a4e2d30b8fff74db06f,1663,true
0xcB2940837b919e86899d62c19242fA49d3821F47,1663,true
0xbEc8F4DAB4df29F826a4C4113c7CE6327BDb61A5,1663,true
0x75548B3B7DE8A0964e82a44C428Fc3320d849099,1663,true
0xe857eFF813Cc517849B5C77Dc61f947F4a7F53Cc,1663,true
0xBD6602f9f5BbC850200B1460a57Aa5D8ade18224,1662,true
0x367A53b5332727b874176ae8D0632a2f80590b1b,1662,true
0xc71B2C6b22b64C281555dE040B6079E6322913d3,1662,true
0x0957689E8a8f05aD3e0E870b81088f1d90A51CE5,1662,true
0xc8f8e2F59Dd95fF67c3d39109ecA2e2A017D4c8a,1662,true
0x9e702ade7D608b689af5B6C156621607Ef11eE22,1662,true
0xbC4Bc7a43A0c3f46a121a5C0394e38e121517Aec,1661,true
0xe7a8A504a82f0A829656261A54d0443F85e19604,1659,true
0xBd2F0f5d83352f4D5F97a49142f6B1CAB4Cd5656,1659,true
0x12D198878A0cd9052dEEB464831ed20AeBe40824,1659,true
0xB0C4c430D0E4322f73FA8DdD0E71554201DA97bb,1659,true
0x493d3fA24eDf4F9De5f0e4c6278B011fF30A8020,1658,true
0xB5dee3D78BB9B876A84E0Ae6E43852E080001355,1658,true
0xD74b2622b7b05FCdcF81E01FeD06F5Dc7Feac5C5,1657,true
0x7453019b806919563EaC33870Fe5f8e5154fdF38,1657,true
0x4D312Ec46D0d02F020E0A28543394A669bfcAe68,1656,true
0x36aB75710650754c32e4850D2ad050849EBb5899,1655,true
0x5e9d0dC472bC30B25D8266cc22DbB5C6472a9Fb2,1655,true
0x0FBC77B8247e393f3C60211E6F4185296FCC69B7,1655,true
0x95D655bF1ba90B013a67dC661A358d768e850Db1,1655,true
0x268070d5EEd5b24E34a5F4C17B5482178b18089D,1655,true
0xfB282a55677240f64AEd6a36FdDDE71dCCDdC4A7,1655,true
0xcB1957aceD986C51b84c44A90A779f60BfDbFc5c,1654,true
0x7cD29e0df7e442068E5751b638c9086fb62C50fA,1653,true
0x79C5146BD916944B4f4Aee4c2447644BE2B78e0f,1653,true
0xb66865955e8ef310408E68A83DDbCF200607CA48,1653,true
0xa03425f46FF1f03eE875e3C7A958b86e05108a37,1653,true
0xe4c8476226ad79c16f614A20712d348b77Cf95ce,1653,true
0x14050ecD612907b38372396Fd7d368137906Dec4,1653,true
0x072067D2DF7689D9a191944229DC24c665C056f2,1653,true
0xC2b3CB204e96270D763c70C75ae1A77c739b0e6D,1652,true
0x5d2815E07Ed95Aea5e4E154C13e0BF89815167a3,1652,true
0x7dde46d9f658245e0C5e1Ca67DBF329A002D4aC0,1652,true
0xf128A2F88eBb4cA7ae2eD0540Ee79423d2Ed257E,1652,true
0xd56e3E325133EFEd6B1687C88571b8a91e517ab0,1652,true
0x3B2Cf66DE193FcAe6EDc648D5b4AADF359C42542,1651,true
0x020c309a64bB2774159a80247E9598FeCA3F1b07,1650,true
0x4874bea9c67bB866d667B5c171C7F28563C5F50B,1650,true
0x9221abBA847BE834F9e90f3441cb492DdD3ea433,1650,true
0x01Fe13639b3C0B9127412b6f8210e4753ac1Da37,1649,true
0x83be849f0f51D23F17e49838f2811E3178226d6a,1649,true
0x0166F6b0Ac0900d0b7499755BF7038C4cC819b04,1649,true
0x1575C75C115928E040336DD7d96ad77c29c90600,1649,true
0x7C49cb08c5b6F7aB5aBD61f750FFd28f25Cda086,1649,true
0x8bb18f1eeB8d170F4edfE2C5D008986171B4e572,1648,true
0xeaE9870e408327733aACBa4BdC33FC14822a48Da,1648,true
0xd6C9b354953E65FE3fa79EeD2Ca117fa50dE5333,1648,true
0xDA263667e51F7BDD638aBf6d9F67d7327745363d,1648,true
0xDaeD15EB94698CDd18cc2DaE0a5ACdad77E63ddf,1647,true
0x18eb2EEDFEBDaD0Bfe31B144d398f6EDC72786fA,1647,true
0xC1F0d1202285C5202a7eD889Dbf0D47a0f792AB9,1647,true
0x2b5B2cCD39A53e8036a22f6EFdd007A73B088CA6,1646,true
0xB0FEcff8Ab2b45778Cc022f7f0f98D0A2B0133a0,1646,true
0x3f8E41BA3867ae0C92A916b6AB909E34D243f0DE,1646,true
0x995D697ac37916b79a6a00E07E2Df07BdCa7c1b5,1645,true
0xa07A338596d5ac6E25ac857dBe0a83c2bf2E1aeB,1645,true
0x56c57626Ce565642D7e2166ed94bFd41e35A794c,1645,true
0xA70C7eC98926004Cf934855D14116FEebEb4dad0,1645,true
0xc8F5E91A1e4BB9252f4C8F4cd5C85776f13F4669,1645,true
0xE759E8409b08B206AdC9111F23788796ace1dADd,1645,true
0xB8F73467AE144d15eCc94Ae13A44E587Bf200F40,1645,true
0xf84d6D2dc4a432b98A7D5B3160373D33158A4C84,1644,true
0x3310fd13c6C55F054cC128439e1E51Cd0cb16Fed,1644,true
0x29A4988Cb2D7184B2fB0a05c7713345517571359,1644,true
0xb0619D866f8f3c3524F9bF8D2E588A53e5343857,1644,true
0xbd6B8D8fA94f7307840252548549b56a33c98054,1643,true
0xB734391808D7FEEfac691B383933532d9bD907FE,1643,true
0x2dFD86bc2eEf0BC1c894a153f90aa2A04c045B0D,1643,true
0xBEe111a1336Cc86fD8B143Ef79765b389AECC536,1643,true
0x4068D88C147cabf6742B3fFB16e6889cFB7B2e47,1643,true
0xc643d4aEb39cD0fFc2DCe8aFe226f03Becc14661,1643,true
0x00E484DA1156202e9Dd341aD7Ea9c908bB919E96,1643,true
0x32Bf9e3DC42f4d36B96B116558e8c3dA0b23b398,1643,true
0x0D2569dB2740316774174513C992C308a592F9Ca,1643,true
0xC40c3456DEBADa9E11f7ABCA3b3677A270fe8D5b,1642,true
0x82dcba7a8bF3AA462040038eCB3d5d90901676E8,1642,true
0x54eE298cEDdB308F67Cae76e9391A1E329d701b7,1642,true
0x764cC130e8D66a3c1Af45B41D57C17EB69F1c141,1642,true
0x832938420aE0d088d07ED3a045e6f8067dF2EcA4,1641,true
0x1A31395F7ee44b6c5aef70bbD48718aA1b33b789,1641,true
0x70d2405f00F789db6f21E0f0924016c1C75b00dc,1641,true
0x5f3DF357144f748d7d53F30719A6e4040E2C7D04,1641,true
0x2a14cac750aaf659d3617487E0629D57242E4C71,1641,true
0x7Aba73E2EEa6F5E0415EC0a284cb979803dACE27,1640,true
0x3d817d4FEFd4ad9fE7e5b264Ee98522B792Eb2ca,1640,true
0xd97d2Cf803E5261e1DC0273faE48328Be2EA1242,1640,true
0x13D267bD6162eEc7Ae4a7720f5f8d4de3A3543C3,1640,true
0x680DEe57747083f3c097D087daea86d5581633f0,1639,true
0x253a41571830Dca332724DFF29Afb8960ffcCDf6,1639,true
0xe478476d9B98C9c5B55A6067F55ab9F978ae15b3,1639,true
0x7b4Db86B9c497ef68f6D956350B35d9857154042,1638,true
0x796534A42d67AFc27ea535412f22914C71457db8,1638,true
0x2CCFF304eF578B238eE82E1D1d53c34e80B48ad6,1638,true
0x19c1d7D867307cB17DD5CEfca8C5822eE54dD243,1637,true
0x0Fd82ecE7c55CE520a4694ecDDC23B0a57B0D1fb,1637,true
0x247D49Ef13E42577fD57D270A5cbCDcF11bF648e,1637,true
0x6ef67DAf06e3109B86b3047cfEf1Dc5e08542b0F,1637,true
0x24e2f157e070aFb2EB78ea36ecc6be053ADa7211,1636,true
0xcFa352Baa635269275F8f9cba315ADE6ae4CE270,1636,true
0x4434C2F90c10f4f7fBE5d4Ada5Ef2Dbb4819331b,1636,true
0xefB1b61DAc569aC6E8A7B860967978976DB4561d,1636,true
0x49E96E255bA418d08E66c35b588E2f2F3766E1d0,1635,true
0x64DD24F13F88fB7DFc58f4ABCe23154a888E28AE,1635,true
0xF92aB7C28BD98858a1CF251DE33172637D609cac,1635,true
0x7cf49a47A9dC58cbabaC0B22925Acee5a9E9a663,1635,true
0xF7f5090cf84771bE616d738fefC5092F33f87B74,1634,true
0x933Ae5bCeD5a7864f5339FA6b48dd4E30aa865Eb,1634,true
0xC3d51F3691267DAcCe55478E474C6FC9f9044d5F,1634,true
0x2E7f8BCfd7931C6D4eeF754452B2095D5cd255F0,1634,true
0xB05Bd0015eb5F59e5e84E412365f30d357696a8c,1634,true
0x4dCF0dc59320adC3FACF21fd838815f54084cC6B,1634,true
0x3ec98ED36F87980A9F4331Fce5957a55d5a1a6DF,1633,true
0x75775181080b3684Cc3be770ba070D1ECc1ec50D,1633,true
0xBb6f4CFC66356b64bB6b05Ac5e36b1FF76471054,1633,true
0xDA4A2CdE9027CC2f9E5192820f708c56058663d9,1633,true
0x626158F12DDd02F99abeF1Fc9e4Ea1505Fc9F3B6,1633,true
0x285860E1f828Bc2f34979B31Cc2a1A1a5E565D66,1633,true
0xbFe749858ff120D29F7Cd15Fd469d586A351d127,1632,true
0x4236fEE38228E2015C0f5ec8Ec7Fa16964EA10A0,1632,true
0x411113C192293375fB50B7D6319538c8D0B7710c,1632,true
0x41F5648eAd9e79f6576EBFC2A3D386162a468FC2,1632,true
0xC2F8de2C509C6d9c8430Af6925481955F47Df022,1632,true
0x6854FFFA71A4aE49df700d087D377a297C595386,1632,true
0xfbD0110b7F5F01D42C89Bce9aB9b1918949587ea,1632,true
0x7c7aF401268F664F924f89f246F847194dB4f440,1631,true
0x6994Aa3C83455705A514798FC29AFf6D94d06dA2,1631,true
0x5c8fD2D4389B5D0D47a84c2ECcFa8865CDdA39aD,1631,true
0xD821b419d8F6dc7B8672F65c42C8fBA26b7CE5F8,1630,true
0x2C2Fa8A0B0Aa01169D1F7e2Dc70829572C263d58,1630,true
0xD6e902a226f460D66b63e2C10445d06510f629D3,1630,true
0xa5e3A75DB689b26A98f13093a6F3828A018a1f35,1630,true
0xa651Ab767dfD8beeC267aBC3b4E7f29A3300Fb6A,1629,true
0xD2451d232e8856bE3D6E036339c8E06C356e0C82,1629,true
0x0128eAA9ef7C743409bd9052054A5E0A7dd88faC,1628,true
0x7333574Fcb4811EA9CC46610d344785af61393E9,1628,true
0x24241a6CF72FaEDb61aa91de214c95f62766Fce0,1628,true
0x2ef1B2567aa33E1ba07f4fbd1A297223DF28bAFa,1627,true
0x1CAD53845b1f5cc86C539fCB5DB2D1285859BCF8,1627,true
0x459e213D8B5E79d706aB22b945e3aF983d51BC4C,1627,true
0x566Aea833c6B3997216AE9c62C92873f8A9E6687,1627,true
0x1fBBD9803F74D43AcED0b10A9FCA4fe61cb245e9,1627,true
0xe5eb95a67FE26D40798471F357DaD7F31EAF453B,1627,true
0xfC624f8F58dB41BDb95aedee1dE3c1cF047105f1,1626,true
0x2408E3aCCd020A11a8Ceb0802C8060FE9983fb15,1626,true
0x282671367901F7f98bC1DF3daFD75551cB446A07,1626,true
0x22e2f326FE5A1d07E1214EB1C08346Fd816E8375,1626,true
0xcE4B0b3E058A0dAF340d6F237b38D8a5BD4Ea9dA,1626,true
0x604B4ff20F8AdbB6E26A5593663949fE5d0A9F8A,1626,true
0xBF6A07f9818B367adf8325FDFA018EAE68C0cf3e,1625,true
0xC671dA0CF67F9C0E50D8a353d33AD515C9458aa1,1625,true
0xF8c5fE54627322a3A5e152898373588745c2E0C0,1625,true
0xE55EC08829C42aC3CFf76694cD2637DdfE9e0672,1625,true
0xca9cE91BD3380FD783Cb4A6864504A0382C55089,1625,true
0x8E6aeb522Ef731E440Ea6dFDFAc06E37f2DE93c4,1624,true
0x73975f92C0d594A8872Bd329C46D0A8476867f96,1624,true
0x36A6F6f423778A71fbD635081f4eE44Ff15B9D6A,1624,true
0x565299B4DF11926b3c90d512F9B47E206cAF8f70,1623,true
0x4F80fEb704498052fd6743EFF287Cf238622672B,1623,true
0xccEC4c20c73a237e8427008265ED30724b1ca9a1,1623,true
0xBA344A2dBBBa62B29A25579a6d2da3f24C57c6a5,1623,true
0x29EDa53B9D03Bd7D86469D6abcc62dA1A1D12C7B,1622,true
0x372cEd7af27e31828Db5AD1D1B09417c14430FB2,1622,true
0x956Fa59b396EBdE1cB9E52eFfB1A79a6740D4fA9,1622,true
0xc81F7b9bBd22a92a1E8C6512Ff18E7606c0D097d,1622,true
0x613FD64679b478e6445FD9DEbD37497453c5883D,1622,true
0xBB02186bF46f30479f20bBcF5C63D98c624D1698,1621,true
0x81dcAB1513d88478a3536348d6d7560f2d8762a4,1621,true
0xA0a06492cCDdBAAB57F01789F55D97705b801eaf,1621,true
0x0EdfcF9bB8B59B07E53b9B1C4d92351E8D922AB8,1620,true
0xcD15dd3636D6f19659A0B39B226C9393F84933b7,1620,true
0x19C95Aa00443ad4E59381cc9B418C8Eff4B6bCbE,1620,true
0x3ec195CD1978FAD948e189f7fDA8bcf942631a70,1620,true
0x1057B6adB95680C811c256A393F5C523d94fd6a6,1619,true
0xc77d66286d8832112225de79717fbaAC4727A901,1619,true
0xc3f4dBAEB8F0dd2A4dF4C1857fD91e7110CA2e9A,1619,true
0x49CA58F337A15FCbDa3EaB282eDB2854957FD9cb,1619,true
0x5B3b60889685005C1D1dEB269112BC14179c04DC,1619,true
0x6B2D7b8823C5E3326bD3A82Ff412461E5C269539,1618,true
0x4eD718cBed23fCb423E5EEa37e22519EBFdE8b56,1618,true
0x518983D95c78546aDFDEBf1D6f84A1209B07D60B,1618,true
0x7e7022f8879d88bCC5D288b229737ADB4b1F39CB,1618,true
0x1d41D6B1091C1a8A334096771bd1776019243d5e,1617,true
0x415306782e11e561727EA88ceb5Aa13DC8283844,1617,true
0x6364a36e7bCBf79d2F70b7525e868321796F9D8A,1617,true
0x3c73Bf9947F7292BBd04E2a9070B93fc40571E44,1617,true
0xFc3C962FAD2C1cC77f1a0d46e7B8a2De79A21774,1616,true
0x38488DCa8dccFEebfD3CC298436134e3b3aF6B8B,1616,true
0x2c79aC9f76c3310B59D4C5E3FD214a73AEC68553,1616,true
0x81fFF1465715AE2E7c5C0b7db373E376d74e60Cd,1616,true
0x4Ac33D1A4DE450D939CD10D3978679B71e1106B1,1616,true
0xB6dE8feFCe09A9B12Cb717A0d3660Ce55b84F64c,1616,true
0x8B1EA47e37A70E7FeEFc6A6945a4A7272a7934db,1616,true
0xebE7E229783dC3fadfa4dD8b2e3C42e5E9180337,1616,true
0xb790c0F593BD222B8C6cbD1FFb2dF3114458EC8F,1616,true
0x433c0e094D2776072d26d8e632743f3bDFa079f7,1616,true
0x91bf012D5cC67d7204df05640cD7d0E47E40d5e8,1616,true
0x2Bb074B682C0bCBf040f93192e4aae209Df0bA68,1616,true
0xeeAef14386472e679Ba889ddF88456ae2fC9Ee1F,1616,true
0x559A5A1d2b58deb129De7f380DE7D577bf67E30b,1616,true
0x54793c8f80F642Ed4e200177bf845c61915EBc55,1615,true
0xF779bfD4546ab1D3F97CA41EF05E4f46eDCeE1d3,1615,true
0xB25CD9449aFed2Fb8bD55657B7040ce15465E6fe,1615,true
0x6Cd68E8f04490Cd1A5A21cc97CC8BC15b47Dc9eb,1615,true
0x777eB8A2e6efE8b10d26A361F91a50d3110aB1bb,1615,true
0xCDE9527bf89c7065d45C15e50165081D895fe2E7,1615,true
0x792cCe0d4230FF69FA69F466Ef62B8f81eB619d7,1614,true
0x74715e12d34706Dc93DF96D2D8e813fb06Af146A,1614,true
0x9C1C9A65B57a2C2c53518A5CaE3ad64B62fc9848,1614,true
0x7C1dF02218973000111127eEC6598419826F9609,1614,true
0x7adFbE0B731dBBd31822d37f4159F209e48cCEB9,1614,true
0x3ABBc8610ecF2c5cC8edc2A0044aE7f9500ac049,1614,true
0x486D1dBe17ddAB5747536017FDDC9804410F9144,1614,true
0xA550ce7FdB57bFf27ee8ee8C9a908c7d3D3D4AA0,1614,true
0x784717B99Cc73BCF9707f2722013f0F7066D697B,1613,true
0x95d4b05A61341592Dd0bFa6fd0dCBEbBfd0B5Da9,1613,true
0x80De8fdFa1AAE4E1A86348476269577B0B91132D,1613,true
0x2F4B1d51a2FC9F5339CD911C91838A9C99ae1559,1613,true
0xf63f3F480FDff4b65DcDaDe515C3B3Ad3096Cf3b,1613,true
0x70BED5e853EB0d66169b3FE4b5263Cd730019EB5,1613,true
0x15c27ED229C6C345748603EA5DD53F6eb18B7Eb7,1613,true
0x850323397544f6E40eCc4C7cA65F0AD5B6945d94,1612,true
0x5004451E331fCA06a5479C3E05a05b5e3F72aD17,1612,true
0x86985fD5C21e92e96bD726FAFf73b471e37d791A,1612,true
0x7388E29da2a3Cec20306d0DA1F561e6006a7FF3E,1612,true
0x2993707212591a3A9Dd356418FA9D8bE760c2421,1612,true
0x339F2fb6b0b51626479522D507F47e00E1730f5f,1612,true
0xF4D28f9eF6F9990DE37983e58a49AB09337d5459,1612,true
0xf6C762d6eDC268e644e6629cC1e5381885eDe851,1611,true
0x4831bd2E5d6ab2568870F963fEF1d96bd8c43546,1611,true
0x8C7BE9da4c35F786593DCd04E00040e216DDD8d8,1611,true
0xDa98615359B30b0dEeE51EfBFdeADb2D880533c0,1611,true
0x9bE394Eb181fccb33e624FDfFE9EB0Dba830f4c5,1611,true
0x8ba5908a107Ed29C898b00B498FCce0d88299175,1611,true
0xEae49A86f0fFB1a1FF0979A6ca4c0701b03C0f4C,1610,true
0x80e52d1211c635F25dD9A43d2F04eB9e5d722209,1610,true
0xf8091A1A3055C9a8a7492E7Dcc31162D000747C7,1610,true
0x92Da7f745fBa9BDdf369799Fa8864993A6e1127b,1610,true
0x5f2880F0cbcB4eD75bD4DC14c777025426aC0F1A,1610,true
0xbC2E57c5e6f3F2823C5b149bEEC4C847F28b5b04,1610,true
0x31171A087de2290A9D2Af07e2bc2bb581bfF0b81,1610,true
0x1D2E44dede73dcF080104eC0839A70DA14641762,1610,true
0xC69aaF51A76832bc2d2d78FCfaC045F6e4701135,1610,true
0xdb27D37572eA22A7c2b82D15101d6CABdb0b6F74,1609,true
0x7cC7CF63354bA342d487bc7Ce3f9Bac729Df7D3d,1609,true
0x98F83281aa0759c0b5446dacD86f2d25a4323DD5,1609,true
0x57ffAdB4dDf24742F8E4D3F6d750bc5AF9041550,1609,true
0xCF388E3e5742C8B78ff13bF07445da255A124248,1608,true
0xE673692e27234497e772C5408Ec055c7B1F0aE19,1608,true
0x44B3fB788571fadb8bC8014d5133756d10ea5D7d,1608,true
0x7271a55E7355A137b24d68f3f0481b1cc14138A2,1608,true
0xB0D10A480a76A98C52d8964b81FA2233B261e9b4,1608,true
0x77d636215Ef0226b78D667EDc1D584b589740B00,1607,true
0xD2530247DcbE1b42923912eCf1bfE1BdA332bDBb,1607,true
0x458c82134BB1092737aFB85f5B349E13fc68F2f9,1607,true
0x19AA8a1018a8aD2C665Dbcef4eD635c16C1d8ca8,1606,true
0xFA0e9f4D799990905749e33bAdEC5eb0FF518617,1606,true
0x4a875FcBc55cA3c85E572B94aFf88c316477c002,1606,true
0x537e466B329f5F439059e69AD8d144637FD461d4,1606,true
0x741047AE552E58e89f1FF51D9a06e5d9DfbA3fEb,1605,true
0x2B59FD03d176aFC335Fa6D4FBCDf5cF48a6844FB,1605,true
0xE86174Ea7e5F8065708e8B50C62780A938011389,1605,true
0x8295C7d69e1868310acc1b8789094Ec7F23A4bb4,1605,true
0x6162F80Cc0234b04254BD6857c7D5179dc28a5f7,1605,true
0x66b1D1Ea6487333af4fBE022AD72b6Bc5C68681b,1605,true
0x7909917b23b43b430d1F3a7073Eed724A59E72E4,1605,true
0x8D106c747CD21272D4C9Ff0Af8d53A9C9AcA25d2,1605,true
0x29a2E857eB91D1c79155589Ec20B13c80cC52600,1604,true
0x2FA0bD091B78D9ef6A2fa308A562DEB8B5C5019B,1603,true
0x796fDf38BF8378a1bDd21e82d01392111bb57e2b,1603,true
0x35B9d8D6Bfb4B92Fb86371041721A5e1B6A7c6c4,1603,true
0x1a91b8a792c325d88666FE27a0B8358d05A81B2E,1603,true
0xc2D3a3B40Cf7581484b3dc6C663D80C2B2a999DC,1603,true
0xe6787a6eA1C9FaA825C26640ccA4B43C3d8b8d95,1603,true
0xb69AF0E4253c6ffE4869244028DBEB752A8c369b,1603,true
0xEBc1CDbBbEC61C6077f2CA5651139622B6b718Bf,1603,true
0x5D18C78f374286D1FA6B1880545BFAD714c29273,1602,true
0xBAa9b933E5f977a85Ab73542A8550E3998928d2C,1602,true
0xB0990FCB6807195EDa4Cce47517e99FBc6F80e53,1602,true
0xb8a8b61F912872E0DD66397b41aDa445D71BA6f3,1602,true
0xB9dEB81CE0ec8fdE918E49aAF3734E753A309844,1602,true
0xE37147D47c951d729bc4c78ED6AbAC1Ad8d583F4,1601,true
0xe280633da21A159712F86EAF476e6A4F25A3Bbe7,1601,true
0xDdDCb99Ff383Dd876e18520A447B4a29719584E7,1601,true
0x3c1f72C28718e3E4e4FA4906Aa39e05E65dDbe10,1601,true
0x86362a4C99d900D72d787Ef1BddA38Fd318aa5E9,1600,true
0x245c31F9cADCb9F4a0907Ab6d90D1dD1D063fa97,1600,true
0xC6e4BDe18675C96e5C2f74477069e3989Bc41BB4,1600,true
0x3E7d7d75ff498F8f354AAd6796c07100f22BfEeF,1600,true
0x8a993ef29A18817111fC31bB56B4E81D78F2992b,1600,true
0xdDb23dd74847e4726F246c77FD2B14F44D155BFb,1600,true
0xd8afa9346d86512CFFC0797E0e26A10ECd366Bb3,1600,true
0x9f0F5Be7AA754b1134E3A88c44BD4a72C2468F99,1600,true
0x32F106b205Dca31d6A5a604d964A75d092F5624D,1600,true
0xDe2bf60B61E6f30fC41c8184F646BD3e95f6B84f,1600,true
0x0155E31D9c01c28395277bD4210bf5c51965E8D6,1599,true
0x2894F4fE2c4DFc83b20445cF1511D9892Fc7ba73,1599,true
0xFDa66Dde4F7256a6af907FDd346bc611659301fE,1599,true
0xc29ce7672B92d057D843295710f94be7F247D514,1599,true
0x4F89FB6893499C2aDA917c2Aa67405c201a48253,1599,true
0xe333F47ecBA080299273232C2957186c373F5C8D,1598,true
0x57e6aDB5F6368B9946FE1f41254D9D54b7b7575E,1598,true
0x6f58C938a4162560d878D1c55024742cDF7661f3,1598,true
0x8EE376DE530fB9a734DF676e7E4342B48355F483,1597,true
0x8D6662Deb08786547aF2C10AA609d469e545BAF8,1597,true
0xDdC34e3745ADB986a42392cEBFA2C24F72E24D4a,1597,true
0x1dBAF5afdD389D34c2AaDeAa94C256994e7331B0,1597,true
0xcB7b8A1DBE163cB3CCff2fbc4E55BcA30cDA300A,1597,true
0x70f4F5F0F69A561eE87135b2bD213Da3Ce8fBf08,1597,true
0x66CeCA466b503E757054bA20Fa21DB974eAFc062,1597,true
0xE3Dfc3236249c59f2105485552078ffdE7BBdE38,1597,true
0x4e6894FE7cE538926979B1B5807299718BAD63d2,1597,true
0x1e9A3694874b7Cd5081d3A1F37c69bd938a5d7a3,1597,true
0x5c70aF3ddc7e815a40F2A09d22483e6E24EdDf8E,1596,true
0x0878F14aAc0885E454dbC123Ce853D21EF3d3fC1,1596,true
0x67ed35ed9d3bBb0b82596f4e0E07499a87AAc518,1596,true
0x53f95f79fc93CfDE0A4942Afda17A814d41Ce33B,1596,true
0xf0E80127063c11a4437e6fa1EA8F147E60f4713c,1596,true
0xC15fbd162D9f723E6E59381db0fee2130A7C48fd,1595,true
0xC30bd1D3F61F9ea8cC5b0BC10FEdBa49E5e11c64,1595,true
0xf88EaDe6A90e32C869BD12Bcc0071Dc42aB77529,1595,true
0x6fdCCBb83D02F69e50Baff584EcCA5A2Fe82a100,1595,true
0x60a4f65DA916F1D23970F460B5ee05Ef84e76f55,1594,true
0x5d0E9073B4201aF86d35c7E8d5BB56Dbeda373EB,1594,true
0x396E4f18D72799825cD814846Ec114f73389A625,1594,true
0xB5EEc82bD6bD089E26840f5408dD2B5F2d6235ae,1594,true
0x379d7624d08Bd598f2353B7A38b0BE708A85227D,1594,true
0x11d94E99987cB85B67c88020c61D6A12B1149703,1593,true
0x158169a722f85e8Dd64FA4692af4Ba0Ee3aC3F1F,1593,true
0x96Ad8650f94E409F3FE5F3e7b0FB27Aeb14C1729,1593,true
0x91508018F75F93AF3C8C7C501757f1Db57f19804,1593,true
0xF33797902a452D02F06d6EEf1ADf7FCE89630678,1593,true
0x0B6d90463Eca29dee0b945d496f3352DB72fDc1B,1593,true
0x98f1BdA2d45ffacA73fCF2154E9E007871e14934,1592,true
0xa1aafb06268f3396c4683e3F635A4AFf0E040e46,1592,true
0x6feAA5ceeDadF6730b50825c7896316491838b3e,1592,true
0x4F4C3a3AB3423866849B986B60Eb53Df2E8602E4,1592,true
0x0E1730aAb680245971603F9EDEAa0C85EBeaaaaa,1592,true
0x8c548E0caB099228c5430bab136E4aDFE31be301,1592,true
0x71FCcc50cDC63d2b0cB9122661F549CF7eF94158,1591,true
0x54C2a2480B3930b8ec2f4Dc0113F9e60333e0995,1591,true
0x386F8249616769567fb5A900ef4a0d46D3884A5F,1590,true
0xcadF27617c932594d840b220e39DB61b46bC4720,1590,true
0x4d7cD8f4e0B60CcFa09aE648D5DbC73869185405,1590,true
0xc3d79b326a304d77702775a755be55f9B30907bD,1590,true
0x71DA088679A57E34c76b3287332298B1e7C010F1,1590,true
0x7EA891AAd396a0CB8231044871a466Cdf824BB2C,1590,true
0xB734DdF067D51C87aDeEb6665994bD1615F01c23,1590,true
0xF317010A611dC9CCbf0C38211768fEF37a6D57ec,1589,true
0x75133Cc748f1f9b280118A65610c0d5811B19d55,1589,true
0x673b214fad238481E7b824DE44F05283843ce6b0,1589,true
0x441eEeb9329636c147039Da83015F7841C0E0610,1589,true
0x0976B0CF2103e07C35f3F7cbccd9136E1b795090,1589,true
0x2F818aEF5284748670EcabfB50749355885B34CF,1588,true
0xf8f52985C9984F98A51008b80F24620Ce58AFA64,1588,true
0xE78d6aab8A4CEBC8c6d9bB3Cb46cdBe459196340,1588,true
0xFECC913d6a6158294D3590B70e44C1D042BcC9eb,1588,true
0x9d3F56186CE4bA86214AE9127e07491f2449D698,1587,true
0x638F8e3a5301BE6E6F8Fb0d251F620411c0C243d,1587,true
0x4707c301758410c862B325ed312a8d4c54d94129,1587,true
0x76cF6F0663Bb530C7573B1cD67c6688addd94BBF,1587,true
0xE802Dc9E3C3a13505565cF7137b510A9da21D4d0,1587,true
0xF4c7A44Da126A42E6DE3905e562E0c3BbCfCb696,1587,true
0xaD5116D1f9F3D2816935b0Df95a58750745eB308,1586,true
0xd40B63bF04a44e43fBFE5784bCf22ACaAB34a180,1586,true
0x31963b060d71ee24A6d458B75AA85E63b99Bd7fB,1586,true
0x4a7C6899cdcB379e284fBFD045462e751DA4C7cE,1586,true
0x1be393F5248A15A9E3e6c04Dcbbf9eDD7FBd7Cf5,1586,true
0x096B405C3A81E68235d43fEc2B41c28cB7248f30,1586,true
0xbF3E52F7C6649AAd43Fb79BE57E8F8CF2bE96cD1,1586,true
0x8105FA2e9E9e8F8964C0ed9193614D352b24385F,1586,true
0x645f4dc1C08D30BC4c1763bb7A9F97E5f5AA3420,1586,true
0xFCbA88eE3480CD7419a3ebA8559d54ED609E86Ea,1586,true
0xe424e94288eC736fEcdA1BfC1a8AF04B5Cc24eb1,1586,true
0x6e3d53B5b20a063e9f2D9AA00bE5Fe220228C248,1586,true
0x046c671ecF3Da50C14818F3b63024053E87100a7,1586,true
0x06fAC54086936c4F3dc37Ff3E47f45cf59105825,1585,true
0x99a1398fa2C81810541Db1c9e8F5C68Be627ECBB,1585,true
0xB6C031788d3Dcb27caD1e1D1070399a5FDd396cd,1585,true
0x5c6638f26dfD0dccbCa50D856532CcaF973Db177,1585,true
0x3d9fefE6135a532565FE39E7Dcc91D7407Ff3615,1585,true
0xAa72C950d9c643cDc27d3C552a47651e7f32359C,1585,true
